last_name	 first_name	id	age	ab	total_pa	total_hits	single	double	triple	home_run	strikeout	walk	k_percent	bb_percent	batting_avg	slg_percent	on_base_percent	on_base_plus_slg	total_stolen_base	hit_by_pitch	intent_walk	exit_velocity_avg	launch_angle_avg	barrel_batted_rate
Pujols	 Albert	405395	39	491	545	120	75	22	0	23	68	43	12.5	7.9	0.244	0.43	0.305	0.734	3	3	1	88.3	12.5	5.8
Cabrera	 Miguel	408234	36	493	549	139	106	21	0	12	108	48	19.7	8.7	0.282	0.398	0.346	0.744	0	3	4	90.4	12.3	6.7
Mathis	 Jeff	425772	36	228	244	36	25	9	0	2	87	15	35.7	6.1	0.158	0.224	0.209	0.433	1	0	1	86.1	16.9	1.4
Choo	 ShinSoo	425783	37	563	660	149	92	31	2	24	165	78	25	11.8	0.265	0.455	0.371	0.826	15	18	3	91.9	9.1	9
Molina	 Yadier	425877	37	419	452	113	79	24	0	10	58	23	12.8	5.1	0.27	0.399	0.312	0.711	6	5	0	87.4	13.9	3.8
Cano	 Robinson	429664	37	390	423	100	59	28	0	13	69	25	16.3	5.9	0.256	0.428	0.307	0.736	0	5	3	90.9	7.4	7.4
Encarnacion	 Edwin	429665	36	418	486	102	50	18	0	34	103	58	21.2	11.9	0.244	0.531	0.344	0.875	0	7	1	90.2	22.5	12.9
Jones	 Adam	430945	34	485	528	126	84	25	1	16	101	31	19.1	5.9	0.26	0.414	0.313	0.727	2	8	2	86.1	13.4	6.7
Martin	 Russell	431145	36	209	249	46	35	5	0	6	60	30	24.1	12	0.22	0.33	0.337	0.667	1	8	3	88.2	11.2	5.3
Granderson	 Curtis	434158	38	317	363	58	28	17	1	12	98	41	27	11.3	0.183	0.356	0.281	0.637	0	3	1	88.8	19.5	7.2
Morales	 Kendrys	434778	36	170	201	33	28	2	1	2	26	26	12.9	12.9	0.194	0.253	0.313	0.566	0	4	0	91.3	9.5	6.9
Kendrick III	 Howie	435062	36	334	370	115	74	23	1	17	49	27	13.2	7.3	0.344	0.572	0.395	0.966	2	4	1	91.7	10.8	11.4
Kinsler	 Ian	435079	37	258	281	56	35	12	0	9	54	19	19.2	6.8	0.217	0.368	0.278	0.646	2	3	0	84.3	17.3	2
McCann	 Brian	435263	35	277	316	69	48	9	0	12	53	31	16.8	9.8	0.249	0.412	0.323	0.734	0	2	1	88.8	11.4	5.7
Walker	 Neil	435522	34	337	381	88	60	19	1	8	77	42	20.2	11	0.261	0.395	0.344	0.738	3	1	1	86.4	12	6.5
Suzuki	 Kurt	435559	36	280	309	74	46	11	0	17	36	20	11.7	6.5	0.264	0.486	0.324	0.809	0	6	1	86	18.9	6.5
Desmond	 Ian	435622	34	443	482	113	58	31	4	20	119	34	24.7	7.1	0.255	0.479	0.309	0.788	3	2	1	90.9	8.7	10.4
Cruz Jr.	 Nelson	443558	39	454	521	141	74	26	0	41	131	56	25.1	10.7	0.311	0.639	0.392	1.03	0	7	8	93.7	13.2	19.9
Peralta	 David	444482	32	382	423	105	61	29	3	12	87	35	20.6	8.3	0.275	0.461	0.343	0.804	0	5	3	90.1	6.4	5.4
Pina	 Manny	444489	32	158	179	36	21	8	0	7	50	16	27.9	8.9	0.228	0.411	0.313	0.724	0	4	1	88.5	16.2	8.3
Jay	 Jon	445055	34	165	182	44	36	8	0	0	30	8	16.5	4.4	0.267	0.315	0.302	0.617	0	3	0	83.1	5.8	1.4
Prado	 Martin	445988	36	245	260	57	46	9	0	2	41	12	15.8	4.6	0.233	0.294	0.265	0.559	0	0	0	87	8.4	0.5
Duda	 Lucas	446263	33	105	119	18	10	4	0	4	32	11	26.9	9.2	0.171	0.324	0.252	0.576	0	1	1	91.5	22.5	12
Wieters	 Matt	446308	33	168	183	36	21	4	0	11	47	12	25.7	6.6	0.214	0.435	0.268	0.702	1	1	0	88.8	13.8	7.3
Longoria	 Evan	446334	34	453	508	115	74	19	2	20	112	43	22	8.5	0.254	0.437	0.325	0.762	3	7	1	89.7	14	7.5
Cozart	 Zack	446359	34	97	107	12	10	2	0	0	16	5	15	4.7	0.124	0.144	0.178	0.322	0	2	0	85.9	21.6	1.2
Rodriguez	 Sean	446481	34	112	139	25	16	5	0	4	41	19	29.5	13.7	0.223	0.375	0.338	0.713	1	3	0	88.4	14	5.3
Reynolds	 Mark	448602	36	135	162	23	12	7	0	4	57	22	35.2	13.6	0.17	0.311	0.29	0.601	2	2	0	88.9	17.5	6.2
Davis	 Chris	448801	33	307	352	55	34	9	0	12	139	39	39.5	11.1	0.179	0.326	0.276	0.601	0	3	1	89.1	14.1	10.5
Zobrist	 Ben	450314	38	150	176	39	33	5	0	1	24	23	13.6	13.1	0.26	0.313	0.358	0.671	0	1	0	85.8	5.3	0.8
Fowler	 Dexter	451594	33	487	574	116	72	24	1	19	142	74	24.7	12.9	0.238	0.409	0.345	0.754	8	8	1	85.5	13.1	7.4
Flowers	 Tyler	452095	33	271	310	62	37	11	3	11	105	31	33.9	10	0.229	0.413	0.319	0.733	0	6	3	90.1	11.1	11.3
Pence	 Hunter	452254	36	286	316	85	49	17	1	18	69	26	21.8	8.2	0.297	0.552	0.358	0.91	6	2	0	91.5	9.9	9.1
Cabrera	 Asdrubal	452678	34	447	514	116	72	25	1	18	103	57	20	11.1	0.26	0.441	0.342	0.783	4	3	2	89.1	14.4	5.7
Blackmon	 Charlie	453568	33	580	634	182	101	42	7	32	104	40	16.4	6.3	0.314	0.576	0.364	0.94	2	9	1	88.7	14.6	8.3
Frazier	 Todd	453943	33	447	499	112	70	19	2	21	106	40	21.2	8	0.251	0.443	0.329	0.772	1	12	1	88.3	17.2	7
Iannetta	 Chris	455104	36	144	164	32	16	10	0	6	54	18	32.9	11	0.222	0.417	0.311	0.728	0	1	3	92.1	8.7	14.3
Maldonado	 Martin	455117	33	333	374	71	40	19	0	12	86	32	23	8.6	0.213	0.378	0.291	0.67	0	6	1	88	12.7	7.2
Chirinos	 Robinson	455139	35	366	437	87	47	22	1	17	125	51	28.6	11.7	0.238	0.443	0.346	0.788	1	13	1	87	16.9	7.7
Markakis	 Nick	455976	36	414	469	118	82	25	2	9	59	47	12.6	10	0.285	0.42	0.356	0.776	2	2	1	91.2	7.3	3
Castillo	 Welington	456078	32	230	251	48	24	12	0	12	74	16	29.5	6.4	0.209	0.417	0.267	0.684	0	3	0	89.5	13.2	11.4
Nunez	 Eduardo	456488	32	167	174	38	29	7	0	2	27	4	15.5	2.3	0.228	0.305	0.241	0.547	5	0	0	88.1	5.9	1.4
Cain	 Lorenzo	456715	33	562	623	146	105	30	0	11	106	50	17	8	0.26	0.372	0.324	0.696	18	6	0	89.5	6.9	4.1
Solano	 Donovan	456781	32	215	228	71	53	13	1	4	49	10	21.5	4.4	0.33	0.456	0.36	0.815	0	1	0	87	14.5	4.2
McCutchen	 Andrew	457705	33	219	262	56	33	12	1	10	55	43	21	16.4	0.256	0.457	0.378	0.834	2	0	0	90.6	12.7	7.3
Upton	 Justin	457708	32	219	256	47	27	8	0	12	78	32	30.5	12.5	0.215	0.416	0.309	0.724	1	0	0	87.2	18.5	11.6
Maybin	 Cameron	457727	32	239	269	68	40	17	0	11	72	30	26.8	11.2	0.285	0.494	0.364	0.858	9	0	0	89.4	11.8	10.2
Turner	 Justin	457759	35	479	549	139	88	24	0	27	88	51	16	9.3	0.29	0.509	0.372	0.881	2	14	1	90.3	17.8	7.8
Posey III	 Buster	457763	32	405	445	104	73	24	0	7	71	34	16	7.6	0.257	0.368	0.319	0.687	0	4	1	88.6	9.1	4.8
Bruce	 Jay	457803	32	310	333	67	24	17	0	26	82	19	24.6	5.7	0.216	0.523	0.261	0.784	1	1	0	90.2	21.6	13.4
Votto	 Joey	458015	36	525	608	137	89	32	1	15	123	76	20.2	12.5	0.261	0.411	0.357	0.768	5	4	2	88.9	15.2	6.9
Gardner	 Brett	458731	36	491	550	123	62	26	7	28	108	52	19.6	9.5	0.251	0.503	0.325	0.829	10	4	0	87.7	13.9	3.9
Joyce	 Matt	459964	35	200	238	59	42	10	0	7	45	38	18.9	16	0.295	0.45	0.408	0.858	0	0	0	87.7	16.8	6.5
Braun	 Ryan	460075	36	459	508	131	76	31	2	22	105	34	20.7	6.7	0.285	0.505	0.341	0.846	11	8	1	91.5	7.3	9.5
Gordon	 Alex	460086	35	556	633	148	103	31	1	13	100	51	15.8	8.1	0.266	0.396	0.344	0.74	5	19	4	88.7	9.3	5.4
Andrus	 Elvis	462101	31	600	648	165	122	27	4	12	96	34	14.8	5.2	0.275	0.393	0.313	0.707	31	4	1	88.4	7.2	3.5
Cervelli	 Francisco	465041	33	141	160	30	18	8	1	3	41	13	25.6	8.1	0.213	0.348	0.3	0.648	1	5	0	86.9	12	5.9
Cabrera	 Melky	466320	35	378	397	106	76	22	1	7	41	17	10.3	4.3	0.28	0.399	0.312	0.712	2	1	3	88.2	8.9	2.1
Sandoval	 Pablo	467055	33	272	296	73	36	23	0	14	67	18	22.6	6.1	0.268	0.507	0.311	0.818	1	1	2	89.8	10.9	11.4
Ramos	 Wilson	467092	32	473	524	136	103	19	0	14	69	44	13.2	8.4	0.288	0.416	0.351	0.768	1	4	5	90	-0.2	4.7
Santana	 Carlos	467793	33	573	686	161	96	30	1	34	108	108	15.7	15.7	0.281	0.515	0.397	0.911	4	3	12	91.8	11.7	9.6
Parra	 Gerardo	467827	32	274	301	64	40	14	1	9	59	19	19.6	6.3	0.234	0.391	0.292	0.683	8	5	3	86.2	10.2	4.6
Gonzalez	 Carlos	471865	34	145	166	29	23	3	0	3	52	18	31.3	10.8	0.2	0.283	0.289	0.572	0	1	1	87.6	1.4	6.3
Mercer	 Jordy	474568	33	256	271	69	44	16	0	9	57	13	21	4.8	0.27	0.438	0.31	0.747	0	2	1	86.9	13.2	6.5
Belt	 Brandon	474832	31	526	616	123	71	32	3	17	127	83	20.6	13.5	0.234	0.403	0.339	0.742	4	3	3	87.3	22.4	8.7
Alonso	 Yonder	475174	32	292	335	58	35	13	0	10	70	39	20.9	11.6	0.199	0.346	0.296	0.641	0	2	3	88.2	14	5.4
Smoak	 Justin	475253	33	414	500	86	48	16	0	22	106	79	21.2	15.8	0.208	0.406	0.342	0.748	0	6	3	90.3	16.7	11
Zimmerman	 Ryan	475582	35	171	190	44	29	9	0	6	39	17	20.5	8.9	0.257	0.415	0.321	0.736	0	0	0	91.4	9.7	7.5
Avila	 Alex	488671	32	164	201	34	17	8	0	9	68	36	33.8	17.9	0.207	0.421	0.353	0.774	1	1	7	91.4	9.4	18.8
Brantley Jr.	 Michael	488726	32	575	637	179	115	40	2	22	66	51	10.4	8	0.311	0.503	0.372	0.875	3	7	3	88.8	10.6	5.5
Castro	 Jason	488771	32	237	275	55	33	9	0	13	88	33	32	12	0.232	0.435	0.331	0.766	0	3	0	91.8	14.4	17.2
Gurriel	 Yuli	493329	35	564	612	168	95	40	2	31	65	37	10.6	6	0.298	0.541	0.343	0.884	5	5	2	89.3	14.3	3.6
Beckham	 Gordon	493596	33	223	240	48	27	13	2	6	68	13	28.3	5.4	0.215	0.372	0.271	0.643	3	4	0	86.2	14.1	9
Rodriguez	 Ronny	500135	27	276	294	61	32	12	3	14	82	13	27.9	4.4	0.221	0.438	0.252	0.69	3	0	0	88.8	16.2	7.5
Rojas	 Miguel	500743	30	483	526	137	102	29	1	5	62	32	11.8	6.1	0.284	0.379	0.331	0.71	9	5	2	87.4	9.1	2.6
Escobar	 Eduardo	500871	30	636	699	171	97	29	10	35	130	50	18.6	7.2	0.269	0.511	0.32	0.831	5	3	3	87.8	18.4	7
Martinez	 Jose	500874	31	334	373	90	65	13	2	10	82	35	22	9.4	0.269	0.41	0.34	0.751	3	2	0	89.1	7.3	7.1
Adrianza	 Ehire	501303	30	202	236	55	39	8	3	5	40	20	16.9	8.5	0.272	0.416	0.343	0.759	0	6	1	86.6	14.9	3.6
Lagares	 Juan	501571	30	258	285	55	37	12	1	5	75	22	26.3	7.7	0.213	0.326	0.277	0.603	4	2	4	88.3	11.2	3.2
Freese	 David	501896	36	162	186	51	27	13	0	11	44	23	23.7	12.4	0.315	0.599	0.403	1.002	0	1	0	91.5	11	15.3
Davis	 Khris	501981	32	481	533	106	72	11	0	23	146	47	27.4	8.8	0.22	0.387	0.293	0.679	0	3	3	90.2	13.2	9.5
Pham	 Tommy	502054	31	567	654	155	99	33	2	21	123	81	18.8	12.4	0.273	0.45	0.369	0.818	25	5	4	90.9	5.2	7.9
Martinez	 J.D.	502110	32	575	657	175	104	33	2	36	138	72	21	11	0.304	0.557	0.382	0.939	2	4	9	91.3	12.5	11.5
Reddick	 Josh	502210	32	501	550	138	102	19	3	14	66	36	12	6.5	0.275	0.409	0.316	0.726	5	0	1	86.1	15.8	3.4
Freeman	 Mike	502273	32	177	213	49	37	8	0	4	61	22	28.6	10.3	0.277	0.39	0.352	0.742	1	4	0	85.6	8.9	2.4
Dyson	 Jarrod	502481	35	400	452	92	72	11	2	7	86	47	19	10.4	0.23	0.32	0.312	0.632	30	2	0	83.9	9.6	1.6
Murphy	 Daniel	502517	34	438	478	122	73	35	1	13	74	32	15.5	6.7	0.279	0.452	0.326	0.778	1	2	1	86.3	14.8	2.4
Goldschmidt	 Paul	502671	32	597	682	155	95	25	1	34	166	78	24.3	11.4	0.26	0.476	0.345	0.82	3	2	2	90.2	15.5	11.3
Gonzalez	 Marwin	503556	30	425	463	112	78	19	0	15	98	31	21.2	6.7	0.264	0.414	0.322	0.736	1	6	2	90.6	10.9	6.1
Leon	 Sandy	506702	30	172	191	33	25	3	0	5	47	13	24.6	6.8	0.192	0.297	0.246	0.543	0	1	0	85.3	21.5	1.5
Altuve	 Jose	514888	29	500	548	149	88	27	3	31	82	41	15	7.5	0.298	0.55	0.352	0.902	6	3	0	87.4	9.7	8.1
Hernandez	 Cesar	514917	29	612	667	171	123	31	3	14	100	45	15	6.7	0.279	0.408	0.333	0.741	9	6	4	86.1	9.5	2.7
Segura	 Jean	516416	29	576	618	161	108	37	4	12	73	30	11.8	4.9	0.28	0.42	0.322	0.742	10	8	1	88.2	7.2	3.2
Castro	 Starlin	516770	29	636	676	172	115	31	4	22	111	28	16.4	4.1	0.27	0.436	0.3	0.736	2	3	2	88.5	11	6.2
Marte	 Starling	516782	31	539	586	159	99	31	6	23	94	25	16	4.3	0.295	0.503	0.341	0.844	25	16	1	88.6	8.2	8
Culberson	 Charlie	518586	30	135	144	35	23	5	2	5	44	6	30.6	4.2	0.259	0.437	0.292	0.729	0	1	0	88.3	13.2	7.5
d'Arnaud	 Travis	518595	30	351	391	88	56	16	0	16	85	32	21.7	8.2	0.251	0.433	0.312	0.745	0	2	0	90	14.6	7.7
Descalso	 Daniel	518614	33	168	194	29	21	5	1	2	57	23	29.4	11.9	0.173	0.25	0.268	0.518	2	0	0	88.8	11.4	4.4
Dietrich	 Derek	518618	30	251	306	47	18	8	2	19	74	28	24.2	9.2	0.187	0.462	0.327	0.789	1	25	2	87.2	20.7	10.1
Donaldson	 Josh	518626	34	549	659	142	72	33	0	37	155	100	23.5	15.2	0.259	0.521	0.379	0.9	4	8	2	92.9	13.3	15.7
Freeman	 Freddie	518692	30	597	692	176	102	34	2	38	127	87	18.4	12.6	0.295	0.549	0.389	0.938	6	6	11	89.7	14.4	12.3
Grandal	 Yasmani	518735	31	513	632	126	70	26	2	28	139	109	22	17.2	0.246	0.468	0.38	0.848	5	5	2	90.7	14.2	11.3
Heyward	 Jason	518792	30	513	589	129	84	20	4	21	110	68	18.7	11.5	0.251	0.429	0.343	0.772	8	5	5	88.8	11.3	5.7
LeMahieu	 DJ	518934	31	602	655	197	136	33	2	26	90	46	13.7	7	0.327	0.518	0.374	0.892	5	2	0	91.9	6.5	7.5
Lucroy	 Jonathan	518960	33	293	328	68	49	10	1	8	51	27	15.5	8.2	0.232	0.355	0.305	0.66	0	5	1	86.9	12.5	2.9
Moreland	 Mitch	519048	34	298	335	75	38	17	1	19	74	34	22.1	10.1	0.252	0.507	0.328	0.835	1	1	0	90.8	10.2	11.5
Moustakas	 Mike	519058	31	523	584	133	67	30	1	35	98	53	16.8	9.1	0.254	0.516	0.329	0.845	3	6	5	89.5	17.4	10.3
Rizzo	 Anthony	519203	30	512	613	150	91	29	3	27	86	71	14	11.6	0.293	0.52	0.405	0.924	5	27	3	89	12.6	6.8
Romine	 Austin	519222	31	228	240	64	44	12	0	8	50	10	20.8	4.2	0.281	0.439	0.308	0.747	1	0	0	88.5	10.9	6.7
Sogard	 Eric	519299	33	396	442	115	77	23	2	13	63	38	14.3	8.6	0.29	0.457	0.351	0.808	8	2	2	85.7	19.3	2.1
Thames	 Eric	519346	33	396	459	98	48	23	2	25	140	51	30.5	11.1	0.247	0.505	0.346	0.851	3	10	4	90.9	19	8.9
Vogt	 Stephen	519390	35	255	280	67	31	24	2	10	66	20	23.6	7.1	0.263	0.49	0.314	0.804	3	1	1	89.8	22.4	10.4
Galvis	 Freddy	520471	30	557	589	145	93	28	1	23	145	28	24.6	4.8	0.26	0.438	0.295	0.733	4	1	1	88.8	14.8	5.8
Forsythe	 Logan	523253	32	317	367	72	47	17	1	7	100	44	27.2	12	0.227	0.353	0.324	0.678	2	3	0	89.2	12.3	5.5
Flores	 Wilmer	527038	28	265	285	84	57	18	0	9	31	15	10.9	5.3	0.317	0.487	0.361	0.848	0	4	0	87.4	16.4	5.1
Puello	 Cesar	527049	28	125	147	31	22	5	0	4	38	10	25.9	6.8	0.248	0.384	0.354	0.738	0	11	1	86.3	-3.5	6.8
Garcia	 Avisail	541645	28	489	530	138	91	25	2	20	125	31	23.6	5.8	0.282	0.464	0.332	0.796	10	7	2	89.5	9.8	11.7
Perez	 Hernan	541650	28	232	246	53	34	11	0	8	66	11	26.8	4.5	0.228	0.379	0.26	0.639	5	0	0	88.5	9.3	4.1
Inciarte	 Ender	542255	29	199	230	49	31	11	2	5	41	26	17.8	11.3	0.246	0.397	0.343	0.74	7	4	2	83	9.7	1.9
Ozuna	 Marcell	542303	29	485	549	117	64	23	1	29	114	62	20.8	11.3	0.241	0.472	0.328	0.8	12	1	2	91.8	13.4	12.1
Villar	 Jonathan	542340	28	642	714	176	114	33	5	24	176	61	24.6	8.5	0.274	0.453	0.338	0.791	40	4	0	88.9	8.2	6.8
Santana	 Danny	542454	29	474	511	134	77	23	6	28	151	25	29.5	4.9	0.283	0.534	0.323	0.857	21	6	2	91.4	13.5	9.5
Aguilar	 Jesus	542583	29	314	369	74	50	12	0	12	81	43	22	11.7	0.236	0.389	0.322	0.711	0	2	0	89.4	13.8	7.5
Beckham	 Tim	542921	29	304	328	72	35	21	1	15	102	21	31.1	6.4	0.237	0.461	0.293	0.753	1	3	0	87.2	10.8	8.4
Berti	 Jon	542932	29	256	287	70	49	14	1	6	73	24	25.4	8.4	0.273	0.406	0.348	0.755	17	6	0	87	5.7	3.8
Broxton	 Keon	542979	29	204	228	34	24	4	0	6	104	20	45.6	8.8	0.167	0.275	0.241	0.516	10	1	0	88.1	10.3	5.8
Crawford	 Brandon	543063	32	500	560	114	77	24	2	11	117	53	20.9	9.5	0.228	0.35	0.304	0.654	3	3	5	87.8	8.2	5.4
Cron	 C.J.	543068	29	458	499	116	67	24	0	25	107	29	21.4	5.8	0.253	0.469	0.311	0.78	0	10	3	91.1	12.9	15
Dickerson	 Alex	543105	29	174	190	48	26	13	3	6	42	13	22.1	6.8	0.276	0.489	0.332	0.82	1	2	1	89.9	16.3	9
Gomes	 Yan	543228	32	314	358	70	42	16	0	12	84	38	23.5	10.6	0.223	0.389	0.316	0.704	2	5	6	87.6	18.1	6.9
Grossman	 Robbie	543257	30	420	482	101	71	21	3	6	86	59	17.8	12.2	0.24	0.348	0.334	0.682	9	1	2	87.8	12.3	2.4
Harrison	 Josh	543281	32	137	147	24	15	7	1	1	27	6	18.4	4.1	0.175	0.263	0.218	0.48	4	2	0	86	19.5	4.5
Hicks	 Aaron	543305	30	221	255	52	30	10	0	12	72	31	28.2	12.2	0.235	0.443	0.325	0.769	1	0	0	89.7	13.6	9.2
Hicks	 John	543308	30	319	333	67	39	15	0	13	109	13	32.7	3.9	0.21	0.379	0.24	0.62	1	0	0	87.9	16.2	6.6
Hosmer	 Eric	543333	30	619	667	164	111	29	2	22	163	40	24.4	6	0.265	0.425	0.31	0.735	0	3	3	90.8	2.1	7.2
Kipnis	 Jason	543401	32	458	511	112	71	23	1	17	88	40	17.2	7.8	0.245	0.41	0.301	0.712	7	2	2	88.1	14.1	5.5
McCann	 James	543510	29	439	476	120	75	26	1	18	137	30	28.8	6.3	0.273	0.46	0.328	0.788	4	6	1	90.1	10.9	8.9
Miller	 Brad	543543	30	154	170	40	20	6	1	13	45	15	26.5	8.8	0.26	0.565	0.329	0.894	2	1	0	92.3	18	12.8
Nola	 Austin	543592	30	238	267	64	41	12	1	10	63	23	23.6	8.6	0.269	0.454	0.341	0.795	1	4	1	87.4	16.3	4
Rendon	 Anthony	543685	29	545	646	174	93	44	3	34	86	80	13.3	12.4	0.319	0.598	0.412	1.01	5	12	8	90.4	19.5	12
Semien	 Marcus	543760	29	657	747	187	104	43	7	33	102	87	13.7	11.6	0.285	0.522	0.369	0.892	10	2	2	88.9	15	8.1
Shaw	 Travis	543768	29	230	270	36	24	5	0	7	89	36	33	13.3	0.157	0.27	0.281	0.551	0	4	3	89.1	24.5	7.1
Springer III	 George	543807	30	479	556	140	78	20	3	39	113	67	20.3	12.1	0.292	0.591	0.383	0.974	6	6	1	89.8	10.5	14.1
Strange-Gordon	 Dee	543829	31	393	421	108	87	12	6	3	61	18	14.5	4.3	0.275	0.359	0.302	0.66	22	1	1	84.2	5.8	0
Vazquez	 Christian	543877	29	482	521	133	83	26	1	23	101	33	19.4	6.3	0.276	0.477	0.319	0.796	4	0	3	89.4	13.3	5.9
Wong	 Kolten	543939	29	478	549	136	96	25	4	11	83	47	15.1	8.6	0.285	0.423	0.357	0.78	24	13	5	86.2	12.8	2.2
Gregorius	 Didi	544369	29	324	344	77	45	14	2	16	53	17	15.4	4.9	0.238	0.441	0.276	0.718	2	1	1	88.2	17.9	5.5
Garcia	 Leury	544725	28	577	618	161	123	27	3	8	139	21	22.5	3.4	0.279	0.378	0.304	0.682	15	6	0	88.2	6.2	3.8
Vargas	 Ildemaro	545121	28	201	211	54	38	9	1	6	24	9	11.4	4.3	0.269	0.413	0.299	0.712	1	0	0	87.1	3.2	3.4
Grichuk	 Randal	545341	28	586	628	136	71	29	5	31	163	35	26	5.6	0.232	0.457	0.28	0.738	2	5	0	89.3	16	8.5
Marisnick	 Jake	545350	28	292	318	68	39	16	3	10	95	17	29.9	5.3	0.233	0.411	0.286	0.697	10	6	0	86.7	11.5	4
Stassi	 Max	545358	28	132	147	18	16	1	0	1	49	12	33.3	8.2	0.136	0.167	0.211	0.378	0	1	0	89.3	12.4	3.5
Trout	 Mike	545361	28	470	600	137	63	27	2	45	120	110	20	18.3	0.291	0.645	0.438	1.083	11	16	14	90.9	22.2	18.9
Herrera	 Odubel	546318	28	126	139	28	16	10	1	1	33	11	23.7	7.9	0.222	0.341	0.288	0.629	2	1	0	88	11	4.3
Almora Jr.	 Albert	546991	25	339	363	80	56	11	1	12	62	16	17.1	4.4	0.236	0.381	0.267	0.648	2	1	4	86.3	8.5	4.6
Ruiz	 Rio	547004	25	370	413	86	59	13	2	12	88	40	21.3	9.7	0.232	0.376	0.305	0.681	0	0	0	88.4	11.3	2.8
Wolters	 Tony	547172	27	359	411	94	74	17	2	1	68	36	16.5	8.8	0.262	0.329	0.336	0.664	0	8	5	85.3	10.1	0
Harper	 Bryce	547180	27	573	682	149	77	36	1	35	178	99	26.1	14.5	0.26	0.51	0.372	0.882	15	6	11	91.9	13.7	14.8
Perez	 Roberto	547379	31	389	449	93	59	9	1	24	127	45	28.3	10	0.239	0.452	0.316	0.769	0	4	1	90.2	5.7	11
Martin	 Leonys	547982	31	236	264	47	31	7	0	9	78	21	29.5	8	0.199	0.343	0.273	0.616	4	4	0	87.3	16.9	6.2
Abreu	 Jose	547989	32	634	693	180	108	38	1	33	152	36	21.9	5.2	0.284	0.503	0.33	0.834	2	13	4	92.1	11	12.6
Diaz	 Elias	553869	29	303	332	73	57	14	0	2	56	23	16.9	6.9	0.241	0.307	0.295	0.602	0	2	0	88.1	9.2	2.4
Narvaez	 Omar	553882	27	428	482	119	85	12	0	22	92	47	19.1	9.8	0.278	0.46	0.353	0.813	0	4	1	85.5	17.9	5.3
Astudillo	 Willians	553902	28	190	204	51	38	9	0	4	8	5	3.9	2.5	0.268	0.379	0.299	0.678	0	5	0	85.8	15.3	2.7
Suarez	 Eugenio	553993	28	575	662	156	83	22	2	49	189	70	28.5	10.6	0.271	0.572	0.358	0.93	3	11	4	89.3	17.7	13.8
Polanco	 Gregory	570256	28	153	167	37	22	8	1	6	49	12	29.3	7.2	0.242	0.425	0.299	0.724	3	1	1	89.5	19.2	9.6
Santana	 Domingo	570267	27	451	507	114	72	20	1	21	164	50	32.3	9.9	0.253	0.441	0.327	0.769	8	2	1	89	11.3	12.1
Gonzalez	 Erik	570481	28	142	156	36	30	4	1	1	37	9	23.7	5.8	0.254	0.317	0.295	0.612	4	1	3	87.4	4.5	2.8
Urshela	 Gio	570482	28	442	476	139	84	34	0	21	87	25	18.3	5.3	0.314	0.534	0.355	0.889	1	5	1	90.6	13.6	7
Sanchez	 Yolmer	570560	27	496	555	125	99	20	4	2	117	44	21.1	7.9	0.252	0.321	0.314	0.634	5	5	1	87.1	14.3	1
Schoop	 Jonathan	570731	28	433	464	111	64	23	1	23	116	20	25	4.3	0.256	0.473	0.304	0.777	1	10	1	87.6	12.4	8.8
Adams	 Matt	571431	31	310	333	70	36	14	0	20	115	20	34.5	6	0.226	0.465	0.276	0.741	0	2	1	88.6	19.6	14.8
Arenado	 Nolan	571448	28	588	662	185	111	31	2	41	93	62	14	9.4	0.315	0.583	0.379	0.962	3	4	11	89.4	17.7	8
Barnhart	 Tucker	571466	28	316	364	73	48	14	0	11	83	44	22.8	12.1	0.231	0.38	0.327	0.707	1	2	7	86.4	11.8	3
Bour	 Justin	571506	31	151	170	26	13	5	0	8	52	17	30.6	10	0.172	0.364	0.259	0.623	0	1	0	89.3	10.4	11
Farmer	 Kyle	571657	29	183	197	42	27	6	0	9	59	10	29.9	5.1	0.23	0.41	0.279	0.689	4	3	1	85.4	17.1	5.6
Gennett	 Scooter	571697	29	133	139	30	21	7	0	2	41	2	29.5	1.4	0.226	0.323	0.245	0.568	0	2	0	86.3	13.2	2.1
Goodwin	 Brian	571718	29	413	458	108	59	29	3	17	129	38	28.2	8.3	0.262	0.47	0.325	0.795	7	3	2	87.6	18.4	6.3
Hamilton	 Billy	571740	29	316	353	69	53	14	2	0	87	32	24.6	9.1	0.218	0.275	0.286	0.561	22	0	1	80.5	15.9	0
Haniger	 Mitch	571745	29	246	283	54	25	13	1	15	81	30	28.6	10.6	0.22	0.463	0.314	0.778	4	5	1	88.4	17.9	11.4
Hernandez	 Enrique	571771	28	414	460	98	61	19	1	17	97	36	21.1	7.8	0.237	0.411	0.304	0.715	4	6	3	88.3	19.4	5.6
Holt	 Brock	571788	31	259	295	77	58	14	2	3	57	28	19.3	9.5	0.297	0.402	0.369	0.771	1	4	1	87.4	11.1	1.5
Lamb	 Jake	571875	29	187	226	36	20	8	2	6	55	32	24.3	14.2	0.193	0.353	0.323	0.676	1	5	1	90.7	14.2	8.2
Maile	 Luke	571912	28	119	129	18	13	2	1	2	33	8	25.6	6.2	0.151	0.235	0.202	0.437	1	0	0	84.7	13.2	4.5
Muncy	 Max	571970	29	487	589	122	64	22	1	35	149	90	25.3	15.3	0.251	0.515	0.374	0.889	4	8	1	89.8	14.5	12
Myers	 Wil	571976	29	435	490	104	63	22	1	18	168	51	34.3	10.4	0.239	0.418	0.32	0.739	16	2	0	90.2	12.2	11.2
Naquin	 Tyler	571980	28	274	294	79	50	19	0	10	66	14	22.4	4.8	0.288	0.467	0.323	0.79	4	2	2	90.8	12.6	9
Owings	 Chris	572008	28	180	196	25	15	6	1	3	78	14	39.8	7.1	0.139	0.233	0.209	0.443	5	2	0	86.9	8.5	6.9
Phegley	 Josh	572033	31	314	342	75	45	18	0	12	63	15	18.4	4.4	0.239	0.411	0.281	0.692	0	6	0	84.1	17.1	3.1
Piscotty	 Stephen	572039	28	357	393	89	58	17	1	13	84	29	21.4	7.4	0.249	0.412	0.308	0.72	2	3	0	89.1	12.5	7.2
Pollock	 AJ	572041	32	308	342	82	51	15	1	15	74	23	21.6	6.7	0.266	0.468	0.327	0.795	5	7	1	90.6	13.7	8
Rickard	 Joey	572073	28	168	189	38	24	9	2	3	50	18	26.5	9.5	0.226	0.357	0.312	0.669	4	3	1	84.7	17.6	3.4
Seager	 Kyle	572122	32	393	443	94	51	19	1	23	86	44	19.4	9.9	0.239	0.468	0.321	0.789	2	4	0	89.5	18.4	8.4
Voit III	 Luke	572228	28	429	510	113	70	21	1	21	142	71	27.8	13.9	0.263	0.464	0.378	0.842	0	9	2	89.7	12.7	13.2
Walker	 Christian	572233	28	529	603	137	81	26	1	29	155	67	25.7	11.1	0.259	0.476	0.348	0.825	8	6	6	91.1	14.8	13.1
Zunino	 Mike	572287	28	266	289	44	24	10	1	9	98	20	33.9	6.9	0.165	0.312	0.232	0.544	0	3	0	88.4	19.2	11.3
Goins	 Ryan	572365	31	144	163	36	27	6	1	2	44	17	27	10.4	0.25	0.347	0.331	0.679	0	1	1	87.4	7.8	1
Carpenter	 Matt	572761	34	416	492	94	57	20	2	15	129	63	26.2	12.8	0.226	0.392	0.333	0.725	6	7	0	88	19.3	7.2
Dickerson	 Corey	572816	30	260	279	79	37	28	2	12	56	16	20.1	5.7	0.304	0.565	0.341	0.906	1	0	4	87.1	15.9	8.2
Dozier	 Brian	572821	32	416	482	99	59	20	0	20	105	61	21.8	12.7	0.238	0.43	0.34	0.771	3	4	2	88.5	19	6.7
Garneau	 Dustin	572863	32	86	101	21	13	5	0	3	22	10	21.8	9.9	0.244	0.407	0.347	0.754	0	4	0	84.5	20.7	4.7
Yastrzemski	 Mike	573262	29	371	411	101	55	22	3	21	107	32	26	7.8	0.272	0.518	0.333	0.851	2	4	1	89.6	19.5	11.2
Contreras	 Willson	575929	27	360	409	98	54	18	2	24	102	38	24.9	9.3	0.272	0.533	0.355	0.888	1	9	2	88.5	7.5	11.5
Gyorko	 Jedd	576397	31	92	101	16	13	1	0	2	24	9	23.8	8.9	0.174	0.25	0.248	0.498	2	0	0	85.8	16.3	4.4
Iglesias	 Jose	578428	29	504	530	145	110	21	3	11	70	20	13.2	3.8	0.288	0.407	0.317	0.724	6	3	3	84.1	7.1	2.3
Hechavarria	 Adeiny	588751	30	203	221	49	27	12	1	9	48	14	21.7	6.3	0.241	0.443	0.299	0.742	3	3	0	87.5	11.9	5.8
Osuna	 Jose	591741	27	261	285	69	39	20	0	10	48	18	16.8	6.3	0.264	0.456	0.309	0.765	0	1	0	89.2	9.8	5.1
Austin	 Tyler	592122	28	154	179	29	14	5	1	9	67	24	37.4	13.4	0.188	0.409	0.296	0.705	2	0	1	91.7	14.9	15.9
Bryant	 Kris	592178	27	543	634	153	86	35	1	31	145	74	22.9	11.7	0.282	0.521	0.382	0.903	4	15	1	87.6	19.2	9.3
Canha	 Mark	592192	30	410	497	112	67	16	3	26	107	67	21.5	13.5	0.273	0.517	0.396	0.913	3	18	1	89.2	15.1	9.8
Casali	 Curt	592200	31	207	236	52	35	9	0	8	59	25	25	10.6	0.251	0.411	0.331	0.741	0	1	1	87.2	18.5	6
Castellanos	 Nick	592206	27	615	664	178	90	58	3	27	143	41	21.5	6.2	0.289	0.525	0.337	0.863	2	5	1	88.9	13.9	10.9
DeShields	 Delino	592261	27	357	408	89	66	15	4	4	100	38	24.5	9.3	0.249	0.347	0.319	0.666	24	3	0	86.9	13.5	2.2
Drury	 Brandon	592273	27	418	447	91	54	21	1	15	113	25	25.3	5.6	0.218	0.38	0.262	0.642	0	1	0	86.9	13.8	9.1
Gamel	 Ben	592325	27	311	356	77	52	18	0	7	104	40	29.2	11.2	0.248	0.373	0.337	0.71	2	3	2	88.2	9.9	3.8
Goodrum	 Niko	592348	27	423	472	105	61	27	5	12	138	46	29.2	9.7	0.248	0.421	0.322	0.743	12	1	1	89.3	13	6.3
Healy	 Ryon	592387	27	169	187	40	17	16	0	7	40	13	21.4	7	0.237	0.456	0.289	0.744	0	1	0	89.6	17	9
Holaday	 Bryan	592407	32	115	129	32	22	6	0	4	21	11	16.3	8.5	0.278	0.435	0.341	0.776	0	1	2	88.2	11.4	1
Jones	 JaCoby	592444	27	298	333	70	37	19	3	11	94	27	28.2	8.1	0.235	0.43	0.309	0.739	7	6	2	91.7	14.2	10.7
Judge	 Aaron	592450	27	378	447	103	57	18	1	27	141	64	31.5	14.3	0.272	0.54	0.38	0.92	3	3	4	96	11.2	19.7
Machado	 Manny	592518	27	587	661	150	95	21	2	32	128	65	19.4	9.8	0.256	0.462	0.334	0.796	5	6	3	91.2	13	8
Moran	 Colin	592567	27	466	503	129	85	30	1	13	117	30	23.3	6	0.277	0.429	0.322	0.751	0	3	4	88.2	12.5	7.4
Pederson	 Joc	592626	27	450	514	112	57	16	3	36	111	50	21.6	9.7	0.249	0.538	0.339	0.876	1	12	2	91.2	15.6	10.3
Realmuto	 J.T.	592663	28	538	593	148	84	36	3	25	123	41	20.7	6.9	0.275	0.493	0.327	0.82	9	5	2	90.3	14.3	8.7
Renfroe	 Hunter	592669	27	440	494	95	42	19	1	33	154	46	31.2	9.3	0.216	0.489	0.289	0.778	5	2	1	89.9	19.1	12
Rosario	 Eddie	592696	28	562	590	155	94	28	1	32	86	22	14.6	3.7	0.276	0.5	0.3	0.8	3	0	2	89.3	16.6	8.5
Simmons	 Andrelton	592743	30	398	424	105	79	19	0	7	37	24	8.7	5.7	0.264	0.364	0.309	0.673	10	2	1	87.8	9.5	1.7
Wilkerson	 Stevie	592859	27	329	361	74	44	18	2	10	108	22	29.9	6.1	0.225	0.383	0.285	0.668	3	7	0	86.3	11.1	3.6
Yelich	 Christian	592885	28	489	580	161	85	29	3	44	118	80	20.3	13.8	0.329	0.671	0.429	1.1	30	8	16	93.3	11.3	15.8
Merrifield	 Whit	593160	30	681	735	206	139	41	10	16	126	45	17.1	6.1	0.302	0.463	0.348	0.811	20	5	5	87	15.5	4.3
Bogaerts	 Xander	593428	27	614	698	190	105	52	0	33	122	76	17.5	10.9	0.309	0.555	0.384	0.939	4	2	2	90.5	13.3	8.4
Hernandez	 Marco	593523	27	148	155	37	28	7	0	2	42	3	27.1	1.9	0.25	0.338	0.277	0.615	1	3	0	87	6.4	1.9
Alberto	 Hanser	593643	27	524	550	160	125	21	2	12	50	16	9.1	2.9	0.305	0.422	0.327	0.749	4	4	1	84.4	11.9	2.9
Polanco	 Jorge	593871	26	631	704	186	117	40	7	22	116	60	16.5	8.5	0.295	0.485	0.355	0.84	4	4	2	88	19.1	6.7
Sano	 Miguel	593934	26	380	439	94	39	19	2	34	159	55	36.2	12.5	0.247	0.576	0.346	0.923	0	3	0	94.4	16	21.2
Herrera	 Rosell	594011	27	105	119	21	13	6	0	2	27	11	22.7	9.2	0.2	0.314	0.286	0.6	4	2	1	87.9	11.8	2.5
Difo	 Wilmer	594694	27	131	144	33	29	2	0	2	29	12	20.1	8.3	0.252	0.313	0.313	0.625	0	0	3	83.9	10.1	0
Calhoun	 Kole	594777	32	552	632	128	65	29	1	33	162	70	25.6	11.1	0.232	0.467	0.324	0.792	4	7	7	89.5	14.9	11.2
Duvall	 Adam	594807	31	120	130	32	17	4	1	10	39	7	30	5.4	0.267	0.567	0.315	0.882	0	2	0	90.7	25.6	14.6
Eaton	 Adam	594809	31	566	656	158	111	25	7	15	106	65	16.2	9.9	0.279	0.428	0.36	0.787	15	13	0	88.9	15.3	3.8
Garcia	 Greg	594824	30	311	372	77	56	13	4	4	83	53	22.3	14.2	0.248	0.354	0.363	0.717	0	5	1	85.8	4.3	2.6
Kiermaier	 Kevin	595281	29	447	480	102	61	20	7	14	104	26	21.7	5.4	0.228	0.398	0.277	0.675	19	5	2	89.2	6.9	5.5
Knapp	 Andrew	595284	28	136	160	29	18	9	0	2	51	18	31.9	11.3	0.213	0.324	0.313	0.636	0	3	2	89.2	16.1	9.1
Riddle	 JT	595375	28	132	139	25	13	6	0	6	42	5	30.2	3.6	0.189	0.371	0.23	0.601	0	2	1	88.9	9.9	8.9
Alfaro	 Jorge	595751	26	431	465	113	80	14	1	18	154	22	33.1	4.7	0.262	0.425	0.312	0.736	4	10	1	90.7	4.6	11.1
Profar	 Jurickson	595777	26	459	518	100	54	24	2	20	75	48	14.5	9.3	0.218	0.41	0.301	0.711	9	8	2	86.6	14.1	6.2
Baez	 Javier	595879	27	531	561	149	78	38	4	29	156	28	27.8	5	0.281	0.531	0.316	0.847	11	0	3	91.1	7.7	12.7
Cave	 Jake	595909	27	198	228	51	30	11	2	8	71	21	31.1	9.2	0.258	0.455	0.351	0.805	0	8	0	90.5	7.4	12.5
Gallagher	 Cam	595956	27	126	142	30	20	7	0	3	28	11	19.7	7.7	0.238	0.365	0.31	0.675	0	3	0	86.3	12.8	2
Hedges	 Austin	595978	27	312	347	55	35	9	0	11	109	27	31.4	7.8	0.176	0.311	0.251	0.562	1	5	3	86.7	21.6	8.3
Lindor	 Francisco	596019	26	598	654	170	96	40	2	32	98	46	15	7	0.284	0.518	0.335	0.853	22	3	9	91	12.3	7.5
Odor	 Rougned	596059	25	522	581	107	46	30	1	30	178	52	30.6	9	0.205	0.439	0.282	0.721	11	5	2	91.1	17.9	13.6
Slater	 Austin	596103	27	168	192	40	23	9	3	5	59	22	30.7	11.5	0.238	0.417	0.333	0.75	1	2	1	88.7	3.5	10.1
Smith Jr.	 Dwight	596105	27	357	392	86	54	16	3	13	82	26	20.9	6.6	0.241	0.412	0.296	0.708	5	4	0	89.1	7.3	4.3
Story	 Trevor	596115	27	588	656	173	95	38	5	35	174	58	26.5	8.8	0.294	0.554	0.363	0.917	23	7	0	91	17.4	8.9
Vogelbach	 Daniel	596129	27	462	558	96	49	17	0	30	149	92	26.7	16.5	0.208	0.439	0.341	0.78	0	2	2	88.8	17.1	10.5
Sanchez	 Gary	596142	27	396	446	92	45	12	1	34	125	40	28	9	0.232	0.525	0.316	0.841	0	9	3	91.1	19.2	19.1
Cuthbert	 Cheslor	596144	27	309	330	76	53	14	0	9	67	19	20.3	5.8	0.246	0.379	0.294	0.673	1	2	1	89	15.1	4.5
Kepler	 Max	596146	26	524	596	132	64	32	0	36	99	60	16.6	10.1	0.252	0.519	0.336	0.855	1	8	0	89.8	18.4	8.9
Quinn	 Roman	596451	26	108	122	23	15	3	1	4	34	12	27.9	9.8	0.213	0.37	0.295	0.665	8	1	0	88.9	11.7	5.3
Franco	 Maikel	596748	27	389	428	91	57	17	0	17	61	36	14.3	8.4	0.234	0.409	0.297	0.705	0	0	19	89	14.7	6.9
Choi	 Ji-Man	596847	28	410	487	107	66	20	2	19	108	64	22.2	13.1	0.261	0.459	0.363	0.822	2	6	2	91.2	12.8	11.3
Bradley Jr.	 Jackie	598265	29	494	567	111	59	28	3	21	155	56	27.3	9.9	0.225	0.421	0.316	0.737	8	12	3	90.2	9.3	9.6
La Stella	 Tommy	600303	30	292	321	86	62	8	0	16	28	20	8.7	6.2	0.295	0.486	0.34	0.826	0	3	0	88.2	13.2	5.3
Severino	 Pedro	600474	26	305	341	76	50	13	0	13	73	29	21.4	8.5	0.249	0.42	0.32	0.739	3	4	0	87.6	13.2	8.5
Nunez	 Renato	600524	25	541	599	132	77	24	0	31	143	44	23.9	7.3	0.244	0.46	0.311	0.771	1	10	1	89.9	19.9	10.7
Arteaga	 Humberto	600858	25	122	135	24	20	4	0	0	28	8	20.7	5.9	0.197	0.23	0.252	0.481	1	2	0	84.3	8.3	0
Candelario	 Jeimer	600869	26	335	386	68	41	17	2	8	99	43	25.6	11.1	0.203	0.337	0.306	0.643	3	7	1	88.2	15.8	5.9
Daza	 Yonathan	602074	25	97	105	20	18	1	1	0	21	7	20	6.7	0.206	0.237	0.257	0.494	1	0	0	84.5	4.8	1.3
Rondon	 Jose	602922	25	143	157	28	22	3	0	3	38	11	24.2	7	0.196	0.28	0.261	0.541	0	2	0	87.6	8.7	2.8
Ahmed	 Nick	605113	29	556	625	141	83	33	6	19	113	52	18.1	8.3	0.254	0.437	0.315	0.752	8	4	2	87.8	7.6	6.6
Anderson	 Brian	605119	26	459	520	120	66	33	1	20	114	44	21.9	8.5	0.261	0.468	0.342	0.811	5	14	1	89.9	11.1	8.9
Barnes	 Austin	605131	30	212	242	43	25	12	1	5	56	23	23.1	9.5	0.203	0.34	0.293	0.633	3	5	3	87.2	16.4	4.4
Bell	 Josh	605137	27	527	613	146	69	37	3	37	118	74	19.2	12.1	0.277	0.569	0.367	0.936	0	5	13	92.4	13	12.7
Betts	 Mookie	605141	27	597	706	176	102	40	5	29	101	97	14.3	13.7	0.295	0.524	0.391	0.915	16	3	6	91	19.2	10.3
Caratini	 Victor	605170	26	244	279	65	43	11	0	11	59	29	21.1	10.4	0.266	0.447	0.348	0.794	1	3	0	89.7	6.9	9
Davis	 J.D.	605204	26	410	453	126	81	22	1	22	97	38	21.4	8.4	0.307	0.527	0.369	0.895	3	3	2	91.5	10.2	11.1
Fisher	 Derek	605233	26	146	167	27	15	4	1	7	57	21	34.1	12.6	0.185	0.37	0.287	0.657	5	0	0	92.3	9.2	12.4
Martini	 Nick	605361	29	93	109	21	15	4	1	1	26	14	23.9	12.8	0.226	0.323	0.33	0.653	0	1	0	87.6	5.7	1.5
Panik	 Joe	605412	29	438	491	107	79	21	2	5	47	43	9.6	8.8	0.244	0.336	0.314	0.649	4	4	2	86.8	12.8	2
Smith	 Mallex	605480	26	510	566	116	82	19	9	6	141	42	24.9	7.4	0.227	0.335	0.299	0.634	46	11	0	85.2	7.3	2.2
Spangenberg	 Cory	605486	28	95	102	22	16	2	2	2	36	6	35.3	5.9	0.232	0.358	0.275	0.632	3	0	1	85.1	0.7	5
Starling	 Bubba	605490	27	186	197	40	29	7	0	4	56	9	28.4	4.6	0.215	0.317	0.254	0.571	2	1	0	81.8	12.1	2.3
Tilson	 Charlie	605508	27	144	157	33	27	5	0	1	38	10	24.2	6.4	0.229	0.285	0.293	0.578	4	3	1	86.8	5.4	2.8
Castro	 Harold	605612	26	354	369	103	84	10	4	5	86	9	23.3	2.4	0.291	0.384	0.304	0.688	4	0	0	87.2	8.5	3.6
Arcia	 Orlando	606115	25	494	546	110	78	16	1	15	109	43	20	7.9	0.223	0.35	0.282	0.632	8	1	5	87.9	6.6	4.3
Tapia	 Raimel	606132	25	426	447	117	80	23	5	9	100	21	22.4	4.7	0.275	0.415	0.309	0.724	9	0	0	87.6	7.5	3.7
Aquino	 Aristides	606157	25	205	225	53	26	8	0	19	60	16	26.7	7.1	0.259	0.576	0.316	0.891	7	2	2	87.8	18.6	12.9
Hernandez	 Teoscar	606192	27	417	464	96	49	19	2	26	153	45	33	9.7	0.23	0.472	0.306	0.778	6	1	1	91.2	15.3	11.7
Peraza	 Jose	606299	25	376	403	90	64	18	2	6	58	17	14.4	4.2	0.239	0.346	0.285	0.631	7	8	0	84.9	17.2	0.3
Marte	 Ketel	606466	26	569	628	187	110	36	9	32	86	53	13.7	8.4	0.329	0.592	0.389	0.981	10	4	2	90	11.5	9.3
Greiner	 Grayson	606988	27	208	224	42	31	5	1	5	70	13	31.3	5.8	0.202	0.308	0.25	0.558	0	1	0	86.6	12.3	5.7
Nimmo	 Brandon	607043	26	199	254	44	24	11	1	8	71	46	28	18.1	0.221	0.407	0.374	0.781	3	5	2	89.3	12.2	6.8
Peterson	 Jace	607054	29	100	108	22	16	3	1	2	24	6	22.2	5.6	0.22	0.33	0.269	0.599	4	1	0	88.4	9.5	3.9
Turner	 Trea	607208	26	521	569	155	94	37	5	19	113	43	19.9	7.6	0.298	0.497	0.353	0.85	35	3	2	90.4	9.9	6.8
Smith	 Kevan	607345	31	191	211	48	31	12	0	5	37	16	17.5	7.6	0.251	0.393	0.318	0.71	2	3	0	89.5	5.7	6.5
Beaty	 Matt	607461	26	249	268	66	37	19	1	9	33	17	12.3	6.3	0.265	0.458	0.317	0.775	5	2	2	89.4	10.3	5.1
Pillar	 Kevin	607680	30	611	645	158	97	37	3	21	89	18	13.8	2.8	0.259	0.432	0.287	0.719	14	9	4	86.4	14.1	4.9
Stallings	 Jacob	607732	30	191	210	50	39	5	0	6	40	16	19	7.6	0.262	0.382	0.324	0.706	0	2	5	89.2	11.4	5.9
Travis	 Sam	607752	26	144	157	31	20	4	1	6	36	11	22.9	7	0.215	0.382	0.274	0.656	2	1	2	89.1	8	7.3
Williamson	 Mac	607776	29	128	144	20	15	1	0	4	44	14	30.6	9.7	0.156	0.258	0.25	0.508	2	2	0	85.4	8.8	3.6
Ramirez	 Jose	608070	27	482	542	123	64	33	3	23	74	52	13.7	9.6	0.255	0.479	0.327	0.806	24	2	3	89.2	19.8	6.3
Bregman	 Alex	608324	25	554	690	164	84	37	2	41	83	119	12	17.2	0.296	0.592	0.423	1.015	5	9	2	89.3	19.6	4.8
Gallo	 Joey	608336	26	241	297	61	23	15	1	22	114	52	38.4	17.5	0.253	0.598	0.387	0.985	4	2	4	94.8	22.4	26.4
Kelly	 Carson	608348	25	314	365	77	40	19	0	18	79	48	21.6	13.2	0.245	0.478	0.348	0.826	0	2	10	88.9	14.3	8.5
Russell	 Addison	608365	25	215	241	51	37	4	1	9	58	20	24.1	8.3	0.237	0.391	0.307	0.698	2	3	2	86.9	9.1	6.9
Seager	 Corey	608369	25	489	541	133	69	44	1	19	98	44	18.1	8.1	0.272	0.483	0.335	0.817	1	4	3	88.8	14.3	7.3
Williams	 Nick	608384	26	106	112	16	10	4	0	2	43	4	38.4	3.6	0.151	0.245	0.196	0.442	0	2	0	86.7	10.9	6.3
Winker	 Jesse	608385	26	338	384	91	56	17	2	16	60	38	15.6	9.9	0.269	0.473	0.357	0.83	0	8	2	89.2	7.2	4.3
Lugo	 Dawel	608475	25	273	288	67	46	11	4	6	59	8	20.5	2.8	0.245	0.381	0.271	0.652	0	3	1	86.7	7.9	4.6
Mazara	 Nomar	608577	24	429	469	115	68	27	1	19	108	28	23	6	0.268	0.469	0.318	0.786	4	6	2	89.1	10.7	10.7
Murphy	 Tom	608596	28	260	281	71	40	12	1	18	87	19	31	6.8	0.273	0.535	0.324	0.858	2	1	0	90.6	18.9	10.9
Guzman	 Ronald	608597	25	256	295	56	26	20	0	10	87	32	29.5	10.8	0.219	0.414	0.308	0.723	1	3	1	85.6	14.8	8.7
Plawecki	 Kevin	608700	28	158	174	35	22	10	0	3	31	12	17.8	6.9	0.222	0.342	0.287	0.629	0	3	0	85.6	15.3	4.7
Mondesi	 Adalberto	609275	24	415	443	109	70	20	10	9	132	19	29.8	4.3	0.263	0.424	0.289	0.713	43	0	0	88.8	10.1	8.2
Reyes	 Franmil	614177	24	494	548	123	67	19	0	37	156	47	28.5	8.6	0.249	0.512	0.31	0.822	0	0	1	93.3	9.5	14.8
Robertson	 Daniel	621002	25	207	237	44	32	9	1	2	59	24	24.9	10.1	0.213	0.295	0.312	0.607	2	6	0	87.7	5.8	1.4
Lopes	 Tim	621005	25	111	128	30	22	7	0	1	29	15	22.7	11.7	0.27	0.36	0.359	0.72	6	1	0	85	8.7	3.6
Martin Jr.	 Richie	621006	25	283	309	59	42	8	3	6	83	14	26.9	4.5	0.208	0.322	0.256	0.577	10	6	0	83.2	9.4	2.4
Swanson	 Dansby	621020	25	483	545	121	75	26	3	17	124	51	22.8	9.4	0.251	0.422	0.325	0.747	10	5	2	89.9	14.4	10.1
Newman	 Kevin	621028	26	493	531	152	114	20	6	12	62	28	11.7	5.3	0.308	0.446	0.352	0.798	16	7	2	85.3	8.5	2.1
Taylor	 Chris	621035	29	366	414	96	51	29	4	12	115	37	27.8	8.9	0.262	0.462	0.331	0.793	8	4	3	86	13.8	5.4
Correa	 Carlos	621043	25	280	321	78	40	16	1	21	75	35	23.4	10.9	0.279	0.568	0.358	0.926	1	2	0	89	12.5	12.9
Dahl	 David	621311	25	374	413	113	65	28	5	15	110	28	26.6	6.8	0.302	0.524	0.351	0.875	4	4	0	88.7	11.2	10.3
Buxton	 Byron	621439	26	271	295	71	27	30	4	10	68	19	23.1	6.4	0.262	0.513	0.312	0.825	14	2	1	90	20.3	7.8
Brinson	 Lewis	621446	25	226	248	39	29	9	1	0	74	13	29.8	5.2	0.173	0.221	0.234	0.455	1	6	1	86.8	10	3.9
Duggar	 Steven	621453	26	261	281	61	43	12	2	4	78	16	27.8	5.7	0.234	0.341	0.278	0.619	1	1	0	85.7	9	4.3
Stewart	 DJ	621466	26	126	142	30	20	6	0	4	26	14	18.3	9.9	0.238	0.381	0.317	0.698	1	1	1	87.9	12.9	6.9
Nido	 Tomas	621512	25	136	144	26	17	5	0	4	37	7	25.7	4.9	0.191	0.316	0.229	0.545	0	0	2	87.4	7.6	5
Stewart	 Christin	621514	26	369	416	86	50	25	1	10	103	34	24.8	8.2	0.233	0.388	0.305	0.693	0	7	3	86.8	19.1	7.4
Wendle	 Joey	621563	29	238	263	55	37	13	2	3	47	14	17.9	5.3	0.231	0.34	0.293	0.633	8	8	0	87.4	11.6	1.5
Olson	 Matt	621566	25	483	547	129	67	26	0	36	138	51	25.2	9.3	0.267	0.545	0.351	0.896	0	12	7	92.8	19.4	14.5
Dean	 Austin	621573	26	178	189	40	20	14	0	6	47	9	24.9	4.8	0.225	0.404	0.259	0.664	0	0	1	88.6	9.2	6
Duffy	 Matt	622110	28	147	169	37	28	8	0	1	29	19	17.2	11.2	0.252	0.327	0.343	0.67	0	2	0	87	5.5	1.7
Munoz	 Yairo	622168	24	172	181	46	36	7	1	2	37	7	20.4	3.9	0.267	0.355	0.298	0.653	8	1	0	84.9	6	1.5
Margot	 Manuel	622534	25	398	441	93	59	19	3	12	88	38	20	8.6	0.234	0.387	0.302	0.689	20	2	1	87.7	14.2	3.5
Reyes	 Pablo	622569	26	143	157	29	18	7	2	2	36	13	22.9	8.3	0.203	0.322	0.274	0.596	1	1	0	88.2	12.2	3.7
Camargo	 Johan	622666	26	232	248	54	34	12	1	7	43	15	17.3	6	0.233	0.384	0.278	0.662	1	0	2	86.9	11.1	3.7
Reyes	 Victor	622682	25	276	292	84	60	16	5	3	64	14	21.9	4.8	0.304	0.431	0.336	0.767	9	0	0	87.6	9.2	1.9
Bote	 David	623520	26	303	356	78	50	17	0	11	93	44	26.1	12.4	0.257	0.422	0.362	0.785	5	7	4	89.7	7.7	5.7
Ramirez	 Harold	623912	25	421	446	116	82	20	3	11	91	18	20.4	4	0.276	0.416	0.312	0.727	2	5	1	88.8	3.9	6
Santander	 Anthony	623993	25	380	405	99	58	20	1	20	86	19	21.2	4.7	0.261	0.476	0.296	0.773	1	2	0	89.9	15.3	7.7
Alonso	 Pete	624413	25	597	693	155	70	30	2	53	183	72	26.4	10.4	0.26	0.583	0.358	0.941	1	21	6	90.7	14.8	15.8
Biggio	 Cavan	624415	24	354	430	83	48	17	2	16	123	71	28.6	16.5	0.234	0.429	0.363	0.792	14	2	0	88.9	20.1	9
Conforto	 Michael	624424	26	549	648	141	78	29	1	33	149	84	23	13	0.257	0.494	0.363	0.856	7	10	5	89.2	15.9	11.6
Frazier	 Adam	624428	28	554	608	154	104	33	7	10	75	40	12.3	6.6	0.278	0.417	0.334	0.751	5	9	4	87.1	13.1	1.9
Trevino	 Jose	624431	27	120	126	31	20	9	0	2	27	3	21.4	2.4	0.258	0.383	0.27	0.653	0	0	0	86.8	8.3	2.1
McGuire	 Reese	624512	24	97	105	29	17	7	0	5	18	7	17.1	6.7	0.299	0.526	0.343	0.869	0	0	0	86.7	13.1	3.8
Puig	 Yasiel	624577	29	555	611	148	92	30	2	24	133	44	21.8	7.2	0.267	0.458	0.327	0.785	19	8	1	90	13.8	9.2
Soler	 Jorge	624585	27	589	679	156	74	33	1	48	178	73	26.2	10.8	0.265	0.569	0.352	0.921	3	10	3	92.6	15.5	16.6
Heredia	 Guillermo	628338	28	204	231	46	28	13	0	5	60	18	26	7.8	0.225	0.363	0.303	0.666	2	6	0	86.6	12.9	2.7
Kang	 Jung Ho	628356	32	172	185	29	11	7	1	10	60	11	32.4	5.9	0.169	0.395	0.222	0.617	0	1	0	92.2	13.7	11.5
Ervin	 Phillip	640447	27	236	260	64	39	11	7	7	63	18	24.2	6.9	0.271	0.466	0.331	0.797	4	4	0	85	14.4	4.6
Frazier	 Clint	640449	25	225	246	60	34	14	0	12	70	16	28.5	6.5	0.267	0.489	0.317	0.806	1	2	1	88.5	15.4	10.8
Meadows	 Austin	640457	24	530	591	154	85	29	7	33	131	54	22.2	9.1	0.291	0.558	0.364	0.922	12	7	6	90.4	16.7	12.5
Mercado	 Oscar	640458	25	438	482	118	75	25	3	15	84	28	17.4	5.8	0.269	0.443	0.313	0.756	15	5	0	88	14.9	4.1
Pinder	 Chad	640461	27	341	370	82	48	21	0	13	88	20	23.8	5.4	0.24	0.416	0.289	0.706	0	5	0	90.7	8.4	8.2
Anderson	 Tim	641313	26	498	518	167	117	32	0	18	109	15	21	2.9	0.335	0.508	0.357	0.865	17	3	0	88.3	8.7	5.1
Bauers	 Jake	641343	24	372	423	84	55	16	1	12	115	45	27.2	10.6	0.226	0.371	0.312	0.683	3	3	0	88.1	15	5
Bellinger	 Cody	641355	24	558	661	170	86	34	3	47	108	95	16.3	14.4	0.305	0.629	0.405	1.034	15	3	21	91.2	17.8	13
Calhoun	 Willie	641432	25	309	337	83	47	14	1	21	53	23	15.7	6.8	0.269	0.524	0.323	0.848	0	3	0	89.7	17.6	6.2
Collins	 Zack	641470	24	86	102	16	9	3	1	3	39	14	38.2	13.7	0.186	0.349	0.304	0.653	0	1	1	90.7	15.3	14.9
Cordell	 Ryan	641477	27	217	247	48	33	8	0	7	69	19	27.9	7.7	0.221	0.355	0.283	0.638	3	3	0	88.7	19.3	6.4
Crawford	 J.P.	641487	24	345	396	78	46	21	4	7	83	43	21	10.9	0.226	0.371	0.311	0.682	5	2	0	85	12.4	3.4
Demeritte	 Travis	641513	25	169	186	38	26	7	2	3	63	14	33.9	7.5	0.225	0.343	0.285	0.628	3	1	0	91.2	16.1	3.7
Dixon	 Brandon	641525	27	391	420	97	58	20	4	15	136	21	32.4	5	0.248	0.435	0.29	0.725	5	4	0	89.5	16.9	11.2
Dozier	 Hunter	641531	28	523	586	146	81	29	10	26	148	55	25.3	9.4	0.279	0.522	0.348	0.87	2	3	2	91	16.9	10
Engel	 Adam	641553	28	227	248	55	37	10	2	6	78	14	31.5	5.6	0.242	0.383	0.302	0.686	3	6	0	86.4	11.1	5.3
Garver	 Mitch	641598	28	311	359	85	37	16	1	31	87	41	24.2	11.4	0.273	0.63	0.365	0.995	0	5	0	91.1	15.3	15.5
Hampson	 Garrett	641658	25	299	327	74	53	9	4	8	88	24	26.9	7.3	0.247	0.385	0.3	0.684	15	0	1	85.8	13.1	3.7
Locastro	 Tim	641796	27	212	250	53	38	12	2	1	44	14	17.6	5.6	0.25	0.34	0.356	0.696	17	22	0	84.4	13.6	1.2
Mancini III	 Trey	641820	27	602	679	175	100	38	2	35	143	63	21.1	9.3	0.291	0.535	0.364	0.899	1	9	3	90.3	7.8	10.3
McKinney	 Billy	641856	25	251	276	54	27	14	1	12	73	19	26.4	6.9	0.215	0.422	0.272	0.694	0	2	0	86.7	15.2	6.6
McMahon	 Ryan	641857	25	480	539	120	73	22	1	24	160	56	29.7	10.4	0.25	0.45	0.328	0.778	5	1	1	91.9	8.8	9
O'Neill	 Tyler	641933	24	141	151	37	26	6	0	5	53	10	35.1	6.6	0.262	0.411	0.311	0.723	1	0	0	89	19.9	6.8
Sisco	 Chance	642082	24	167	198	35	20	7	0	8	61	22	30.8	11.1	0.21	0.395	0.333	0.729	0	9	0	89.5	16.4	10.4
Smith	 Dominic	642086	24	177	197	50	29	10	0	11	44	19	22.3	9.6	0.282	0.525	0.355	0.881	1	1	0	88.1	14.9	6.8
Tellez	 Rowdy	642133	24	370	409	84	44	19	0	21	116	29	28.4	7.1	0.227	0.449	0.293	0.742	1	7	3	90.7	14	13.2
Thaiss	 Matt	642136	24	147	164	31	16	7	0	8	52	17	31.7	10.4	0.211	0.422	0.293	0.714	0	0	0	89.1	15.9	6.3
VanMeter	 Josh	642165	24	228	260	54	32	13	1	8	56	29	21.5	11.2	0.237	0.408	0.327	0.735	9	2	0	90.1	15.6	4
Wade	 Tyler	642180	25	94	108	23	17	3	1	2	28	11	25.9	10.2	0.245	0.362	0.324	0.686	7	1	0	86.9	12.8	5.9
Mejia	 Francisco	642336	24	226	244	60	39	11	2	8	56	13	23	5.3	0.265	0.438	0.316	0.754	1	4	1	88.4	19.7	4.7
Rosario	 Amed	642708	24	616	655	177	125	30	7	15	124	31	18.9	4.7	0.287	0.432	0.322	0.754	19	3	2	89.3	8.8	4.2
Adames	 Willy	642715	24	531	584	135	89	25	1	20	153	46	26.2	7.9	0.254	0.418	0.315	0.733	4	3	1	88.5	10.8	8.4
Benintendi	 Andrew	643217	25	541	615	144	86	40	5	13	140	59	22.8	9.6	0.266	0.431	0.341	0.772	10	7	1	89.1	17.2	8.1
Cooper	 Garrett	643265	29	381	421	107	75	16	1	15	110	33	26.1	7.8	0.281	0.446	0.344	0.791	0	5	0	89.1	4.7	9.5
Dubon	 Mauricio	643289	25	106	111	29	20	5	0	4	20	5	18	4.5	0.274	0.434	0.306	0.74	3	0	0	84.8	9.5	2.3
Jansen	 Danny	643376	24	347	384	72	46	12	1	13	79	31	20.6	8.1	0.207	0.36	0.279	0.639	0	4	1	88.9	16.3	5.9
Kemp	 Tony	643393	28	245	279	52	31	9	4	8	47	23	16.8	8.2	0.212	0.38	0.29	0.67	4	6	1	86.2	14.6	1.5
Kiner-Falefa	 Isiah	643396	24	202	222	48	34	12	1	1	49	14	22.1	6.3	0.238	0.322	0.297	0.619	3	4	0	87.2	6.8	1.3
Long Jr.	 Shed	643418	24	152	168	40	22	12	1	5	40	16	23.8	9.5	0.263	0.454	0.333	0.787	3	0	0	87.6	11.1	6.3
McNeil	 Jeff	643446	27	510	567	162	100	38	1	23	75	35	13.2	6.2	0.318	0.531	0.384	0.916	5	21	2	88.9	13.8	4.8
Tauchman	 Mike	643565	29	260	296	72	40	18	1	13	71	34	24	11.5	0.277	0.504	0.361	0.865	6	1	0	88.7	11.3	6.3
White	 Tyler	643603	29	240	279	50	33	14	0	3	78	36	28	12.9	0.208	0.304	0.308	0.612	0	0	0	86	12.4	3.6
Albies	 Ozzie	645277	22	640	702	189	114	43	8	24	112	54	16	7.7	0.295	0.5	0.352	0.852	15	4	6	88.9	15.6	6.6
Robles	 Victor	645302	22	546	617	139	86	33	3	17	140	35	22.7	5.7	0.255	0.419	0.323	0.742	28	25	3	83.3	16.7	4.8
Ford	 Mike	645801	27	143	163	37	18	7	0	12	28	17	17.2	10.4	0.259	0.559	0.35	0.909	0	3	2	91.9	15.6	9.6
Devers	 Rafael	646240	23	647	702	201	111	54	4	32	119	48	17	6.8	0.311	0.555	0.36	0.915	8	4	7	92.5	10.5	9
Naylor	 Josh	647304	22	253	279	63	40	15	0	8	64	25	22.9	9	0.249	0.403	0.315	0.719	1	0	1	89.6	4.5	6.3
Diaz	 Aledmys	649557	29	210	247	57	35	12	1	9	28	26	11.3	10.5	0.271	0.467	0.356	0.823	2	5	1	88.3	12	6.4
Urias	 Luis	649966	22	215	249	48	35	8	1	4	56	25	22.5	10	0.223	0.326	0.329	0.655	0	9	0	87.3	10.1	4.4
Arraez	 Luis	650333	22	326	366	109	84	20	1	4	29	36	7.9	9.8	0.334	0.439	0.399	0.838	2	1	1	87.1	11.4	2.7
Jimenez	 Eloy	650391	23	468	504	125	74	18	2	31	134	30	26.6	6	0.267	0.513	0.315	0.828	0	4	0	91.1	9.4	12.8
Torres	 Gleyber	650402	23	546	604	152	88	26	0	38	129	48	21.4	7.9	0.278	0.535	0.336	0.871	5	3	3	89.1	17.7	10.1
Castro	 Willi	650489	22	100	110	23	15	6	1	1	34	6	30.9	5.5	0.23	0.34	0.282	0.622	0	2	0	84.7	18.1	1.5
Diaz	 Yandy	650490	28	307	347	82	47	20	1	14	61	35	17.6	10.1	0.267	0.476	0.34	0.816	2	1	1	91.7	5.7	10.4
Viloria	 Meibrys	650619	22	133	148	28	20	7	0	1	44	10	29.7	6.8	0.211	0.286	0.257	0.542	0	0	0	87.3	5.1	1.1
Rengifo	 Luis	650859	22	357	406	85	57	18	3	7	93	40	22.9	9.9	0.238	0.364	0.32	0.684	2	5	0	87.1	9.6	6
Allen	 Greg	656185	26	231	256	53	37	9	3	4	53	11	20.7	4.3	0.229	0.346	0.285	0.631	8	9	1	87.3	9.2	2.7
Chapman	 Matt	656305	26	583	670	145	70	36	3	36	147	73	21.9	10.9	0.249	0.506	0.342	0.848	1	11	0	92.7	16.7	12.1
Chavis	 Michael	656308	24	347	382	88	59	10	1	18	127	31	33.2	8.1	0.254	0.444	0.322	0.766	2	4	2	88.7	11.4	10.5
Diaz	 Isan	656371	23	179	201	31	19	5	2	5	59	19	29.4	9.5	0.173	0.307	0.259	0.566	0	2	0	88.6	18	7.4
Haseley	 Adam	656514	23	222	242	59	40	14	0	5	60	14	24.8	5.8	0.266	0.396	0.322	0.719	4	5	1	87.3	5.3	3.7
Hoskins	 Rhys	656555	26	570	705	129	62	33	5	29	173	116	24.5	16.5	0.226	0.454	0.363	0.818	2	11	6	89.7	23.9	9.7
Luplow	 Jordan	656669	26	225	261	62	31	15	1	15	61	33	23.4	12.6	0.276	0.551	0.372	0.923	3	2	0	89.6	16.1	12.1
O'Hearn	 Ryan	656811	26	328	370	64	36	13	1	14	99	39	26.8	10.5	0.195	0.369	0.281	0.65	0	1	1	90.7	13.3	9.1
Schwarber	 Kyle	656941	26	529	610	132	62	29	3	38	156	70	25.6	11.5	0.25	0.531	0.339	0.871	2	5	5	93.5	15.5	14.5
Tucker	 Cole	657061	23	147	159	31	16	10	3	2	40	10	25.2	6.3	0.211	0.361	0.264	0.625	0	1	1	87.9	6.6	4.6
Verdugo	 Alex	657077	23	343	377	101	65	22	2	12	49	26	13	6.9	0.294	0.475	0.342	0.817	4	2	1	89.4	9	5.7
DeJong	 Paul	657557	26	583	664	136	74	31	1	30	149	62	22.4	9.3	0.233	0.444	0.318	0.762	9	13	1	87	18.3	8.4
Laureano	 Ramon	657656	25	434	481	125	72	29	0	24	123	27	25.6	5.6	0.288	0.521	0.339	0.86	13	11	0	89.5	14.8	9.1
Moncada	 Yoan	660162	24	511	559	161	97	34	5	25	154	40	27.5	7.2	0.315	0.548	0.367	0.915	10	4	2	93.1	12.2	12.2
Ohtani	 Shohei	660271	25	384	425	110	67	20	5	18	110	33	25.9	7.8	0.286	0.505	0.341	0.846	12	2	1	92.8	6.8	12.2
Acuna Jr.	 Ronald	660670	22	626	715	175	110	22	2	41	188	76	26.3	10.6	0.28	0.518	0.364	0.881	37	9	4	90.6	14.2	15
Riley	 Austin	663586	22	274	297	62	32	11	1	18	108	16	36.4	5.4	0.226	0.471	0.279	0.75	0	5	3	89.4	20.6	13.7
Grisham	 Trent	663757	23	156	183	36	22	6	2	6	48	20	26.2	10.9	0.231	0.41	0.328	0.738	1	4	0	87.6	15.7	5.4
Lowe	 Nate	663993	24	152	169	40	25	8	0	7	50	13	29.6	7.7	0.263	0.454	0.325	0.779	0	2	0	91.3	13	10.6
Happ	 Ian	664023	25	140	156	37	18	7	1	11	39	15	25	9.6	0.264	0.564	0.333	0.898	2	0	0	89.8	16	13.7
France	 Ty	664034	25	184	201	43	27	8	1	7	49	9	24.4	4.5	0.234	0.402	0.294	0.696	0	7	0	88.9	15.1	5.9
Lowe	 Brandon	664040	25	296	327	80	44	17	2	17	113	25	34.6	7.6	0.27	0.514	0.336	0.85	5	5	0	91.6	19.2	16.3
Bader	 Harrison	664056	25	347	406	71	42	14	3	12	117	46	28.8	11.3	0.205	0.366	0.313	0.679	12	10	4	88.3	15.3	9.9
Fletcher	 David	664058	25	596	653	173	133	30	4	6	64	55	9.8	8.4	0.29	0.384	0.349	0.733	8	0	2	83.8	9.9	0.2
Kingery	 Scott	664068	25	458	500	118	61	34	4	19	147	34	29.4	6.8	0.258	0.474	0.314	0.788	15	5	1	88.2	17.6	7.3
Moore	 Dylan	664238	27	247	282	51	26	14	2	9	93	25	33	8.9	0.206	0.389	0.301	0.69	11	9	0	88.4	19.2	6.5
Straw	 Myles	664702	25	108	128	29	23	4	2	0	24	19	18.8	14.8	0.269	0.343	0.375	0.718	8	0	0	84.7	9	1.2
Tatis Jr.	 Fernando	665487	20	334	372	106	65	13	6	22	110	30	29.6	8.1	0.317	0.59	0.379	0.969	16	5	1	90.4	6.7	13.2
Guerrero Jr.	 Vladimir	665489	20	464	514	126	83	26	2	15	91	46	17.7	8.9	0.272	0.433	0.339	0.772	0	2	0	89.4	6.7	7.7
Soto	 Juan	665742	21	542	659	153	82	32	5	34	132	108	20	16.4	0.282	0.548	0.401	0.949	12	3	3	92	12.5	12.3
Bichette	 Bo	666182	21	196	212	61	32	18	0	11	50	14	23.6	6.6	0.311	0.571	0.358	0.93	4	1	0	90	10.4	8.8
Gurriel Jr.	 Lourdes	666971	26	314	343	87	46	19	2	20	86	20	25.1	5.8	0.277	0.541	0.327	0.868	6	5	0	90.4	14.3	11.6
Rogers	 Jake	668670	24	112	128	14	7	3	0	4	51	13	39.8	10.2	0.125	0.259	0.219	0.478	0	1	0	83	19.7	4.8
Reynolds	 Bryan	668804	24	491	546	154	97	37	4	16	121	46	22.2	8.4	0.314	0.503	0.377	0.88	3	6	0	89.5	9.4	6.7
Rojas	 Josh	668942	25	138	157	30	21	7	0	2	41	18	26.1	11.5	0.217	0.312	0.312	0.624	4	1	0	89	10.3	6.2
Senzel	 Nick	669222	24	375	414	96	60	20	4	12	101	30	24.4	7.2	0.256	0.427	0.312	0.738	14	3	0	87.8	11.1	8
Edman	 Tommy	669242	24	326	349	99	64	17	7	11	61	16	17.5	4.6	0.304	0.5	0.35	0.85	15	7	0	87.4	14.2	5.3
Solak	 Nick	669256	24	116	135	34	22	6	1	5	29	15	21.5	11.1	0.293	0.491	0.393	0.884	2	4	1	88.3	6.3	9.2
Smith	 Will	669257	24	170	196	43	19	9	0	15	52	18	26.5	9.2	0.253	0.571	0.337	0.907	2	5	1	89.4	23.8	10.7
Hiura	 Keston	669374	23	314	348	95	51	23	2	19	107	25	30.7	7.2	0.303	0.57	0.368	0.938	9	8	1	91.4	16.4	13.5
Lopez	 Nicky	670032	24	379	402	91	65	22	2	2	51	18	12.7	4.5	0.24	0.325	0.274	0.598	1	1	0	85.1	3.3	1.2
Alvarez	 Yordan	670541	22	313	369	98	45	26	0	27	94	52	25.5	14.1	0.313	0.655	0.412	1.067	0	2	4	92.2	13.4	16.7
Brosseau	 Mike	670712	25	132	142	36	23	7	0	6	39	7	27.5	4.9	0.273	0.462	0.317	0.779	1	2	0	86.5	14.3	4.3
